예측대상일자,배추_가격(원/kg),무_가격(원/kg),양파_가격(원/kg),건고추_가격(원/kg),마늘_가격(원/kg),대파_가격(원/kg),얼갈이배추_가격(원/kg),양배추_가격(원/kg),깻잎_가격(원/kg),시금치_가격(원/kg),미나리_가격(원/kg),당근_가격(원/kg),파프리카_가격(원/kg),새송이_가격(원/kg),팽이버섯_가격(원/kg),토마토_가격(원/kg),청상추_가격(원/kg),백다다기_가격(원/kg),애호박_가격(원/kg),캠벨얼리_가격(원/kg),샤인마스캇_가격(원/kg)
2020-09-29+1week,1285.2755188941956,1010.2717924118042,933.6771965026855,8319.65419986844,4368.709789514542,2055.6674879789352,1430.617796778679,1073.8865000009537,7476.816224694252,3788.034748315811,3627.6645559072495,1259.4124674797058,4794.969627588987,2682.1863651275635,2642.88423871994,3189.202484369278,5047.459447085857,2513.1697375178337,2603.3065130114555,2523.5041975975037,8250.559568405151
2020-09-29+2week,1044.4113612174988,911.9440126419067,989.4682168960571,10503.241767942905,4068.1664925813675,1886.178146123886,1299.4064233899117,1060.0889056324959,6568.630220890045,3225.8238958120346,2904.709314107895,1368.3483749628067,4629.095920175314,2495.2025413513184,2470.7211062908173,3056.174169063568,4050.4460045695305,2054.1361166238785,2300.8306936621666,2586.25540882349,9016.523361206055
2020-09-29+4week,1011.846587061882,924.0225410461426,1000.5912780761719,8841.456151247025,4459.460777640343,2032.9952949285507,1159.1192317903042,1114.769266307354,6871.797079861164,3103.1593301296234,3133.1636694073677,1372.7011531591415,4913.566269367933,2669.0235137939453,2484.7075651288033,3476.408924341202,3479.5083490014076,2076.4165740013123,2325.362196803093,2744.3204075098038,7441.821098327637
2020-09-30+1week,1252.3916363716125,1058.909993171692,1008.3688497543335,8128.129317313433,4619.500674009323,2006.7851473093033,1472.1694958806038,1076.4879884719849,7410.922767281532,4057.827295899391,3355.2998211979866,1477.0250022411346,4800.597293704748,2621.600389480591,2676.900740325451,3121.6084995269775,4469.770266413689,2561.113947093487,2468.759874999523,2027.2698253393173,10695.5885887146
2020-09-30+2week,1152.5151133537292,972.6377201080322,945.0117945671082,8832.307067990303,4065.5962431430817,1954.6411895751953,1397.6932106614113,1067.7221826314926,6909.465427279472,3584.733293235302,3085.611137151718,1412.6075059175491,4941.109530687332,2526.4530181884766,2459.5019838809967,3184.9992389678955,4228.73161137104,2148.5327873826027,2279.1566845178604,2971.9389975070953,8805.960416793823
2020-09-30+4week,1154.1704088449478,912.397313117981,958.6856365203857,12685.067742913961,3962.9850947856903,1896.4398075342178,1251.4283011853695,1063.703234910965,6097.88410949707,2923.814682126045,2810.400728881359,1470.0045436620712,4546.020904541016,2387.7367973327637,2519.446103453636,3119.6555693149567,3441.243244409561,2015.9965831041336,2248.5770951509476,3225.420042872429,9788.974523544312
2020-10-01+1week,1367.150992155075,1080.5993509292603,940.7258033752441,13297.631196767092,4541.542049050331,1961.3201361894608,1430.3555815815926,1090.9905722141266,7622.835026502609,3596.680999517441,3458.2474502921104,1440.6068623065948,4750.051822811365,2685.112714767456,2668.0914684534073,3027.340089559555,4717.660074234009,2379.0793065428734,2514.678143084049,2217.9897874593735,10290.497541427612
2020-10-01+2week,1184.0686947107315,992.0783281326294,929.9124479293823,8616.284076720476,4100.857832431793,1951.4351434707642,1296.7450197935104,1023.7552436590195,6511.746648609638,3176.2929330170155,3073.6005887389183,1565.7900273799896,4607.475719064474,2397.8111743927,2732.540428340435,2936.340724468231,3506.1452884972095,2197.4359442591667,2147.9442608356476,2814.1308575868607,11014.652252197266
2020-10-01+4week,1182.737573981285,950.0836706161499,987.1242046356201,10349.94625595212,4031.164383292198,1884.8144764900208,1315.8533921837807,1061.2406152486801,6475.39287430048,3271.292379528284,2943.125657737255,1518.9282596111298,4471.717809140682,2482.658624649048,2591.6521303653717,3063.490978240967,3876.2284380197525,2181.0265541672707,2226.609175801277,2788.616344332695,10171.260833740234
2020-10-02+1week,1036.956012248993,921.5403318405151,862.6781702041626,8341.255353450775,4207.567155957222,1797.1712963581085,1256.509683996439,979.1312672495842,6615.3216888308525,3195.6480751931667,3361.307964026928,1283.2631170749664,4379.88877594471,2511.350154876709,2466.056127369404,2774.1380231380463,3725.0197480618954,2128.3144295811653,2264.7948784828186,2298.0377078056335,9445.781707763672
2020-10-02+2week,1029.8406332731247,897.132306098938,873.0432987213135,5517.12503990531,3932.7416479587555,1787.640212893486,1244.1335030794144,1036.603485584259,5973.165319979191,3056.967685878277,2908.7164056301117,1436.0761642456055,4439.58095562458,2356.719732284546,2532.4630172252655,2805.1203696727753,3637.8678825497627,2038.0200274586678,2032.5660222172737,3013.2297426462173,9093.137979507446
2020-10-02+4week,1022.4170982837677,844.6502113342285,953.5486102104187,12530.965258359909,3811.527736186981,1949.788687825203,1112.598886281252,1108.4656965136528,6469.33106559515,2412.0661513507366,2761.340298950672,1401.5623927116394,4590.222991615534,2456.5577507019043,2481.2853088974953,3128.498283147812,3119.5904533565044,1865.722062587738,2017.9298999905586,2598.261833190918,10173.892974853516
2020-10-03+1week,1127.145066857338,886.0183382034302,900.9485840797424,8991.180109590292,3903.7011176347733,1825.4387074708939,1207.0679600834846,1008.0157876610756,6561.8780371546745,2585.530917406082,3221.5783578157425,1352.16124355793,4688.869440257549,2397.7744579315186,2541.3419964909554,3030.6463623046875,3232.4282179772854,2192.0905782580376,2142.893651306629,2762.3316273093224,9787.052869796753
2020-10-03+2week,1019.6124017238617,945.4400968551636,931.0736060142517,10917.610723733902,3988.692942261696,1769.6725852489471,1163.0207358300686,1061.190649330616,6093.03952974081,2529.098919034004,2948.9848816394806,1433.0070465803146,4912.717059999704,2331.3701152801514,2533.200125813484,3106.179080724716,3028.482830673456,2110.101372897625,2270.996080815792,3279.990330338478,9593.455791473389
2020-10-03+4week,999.5704144239426,870.9529876708984,991.777777671814,6767.951605379581,4222.655996084213,1901.5701640844345,1215.0577270388603,1069.988391160965,6251.510272026062,2584.6751530766487,2852.1219751238823,1496.0268884897232,4798.149297863245,2462.127208709717,2643.1117297410965,3334.2483937740326,2662.2550028562546,2101.5147082209587,2016.870005249977,3185.127303004265,8529.982566833496
2020-10-04+1week,985.5053573846817,874.8563814163208,861.2834215164185,10871.530553847551,4323.288794159889,1836.0358809232712,1077.3186649382114,969.925742149353,6362.0992151498795,2783.410443484783,2949.8517045378685,1462.60567009449,4385.890452235937,2420.3155040740967,2376.862926721573,2923.1870234012604,3050.3783006966114,1913.016087591648,1914.5185537338257,3261.5426927804947,9738.597869873047
2020-10-04+2week,1076.299250125885,904.4632577896118,907.7465534210205,11421.332162082195,3915.232445001602,1922.0986077785492,1072.4520906805992,1056.2254180908203,5961.26798504591,2852.6083239912987,2900.387422442436,1491.9454604387283,4613.387881994247,2324.7008323669434,2591.368826329708,3160.9793798923492,2587.240211367607,1912.774536371231,2028.6954975128174,2459.6763774752617,9734.309911727905
2020-10-04+4week,1017.1040147542953,893.3608818054199,928.4263849258423,10520.823332637548,4228.69963824749,1935.7364420890808,1192.5887702703476,1015.0895614624023,5838.364151775837,2741.3349463045597,2843.886284530163,1588.7343138456345,4737.361163288355,2313.2519721984863,2618.7249748706818,3250.939868450165,2647.5553435087204,1987.2114400863647,1833.1658248901367,3176.475316286087,10173.509120941162
2020-10-05+1week,1095.8785563707352,842.3776292800903,783.5572957992554,9488.290482491255,3722.7321565151215,1830.3475388288498,1135.889797180891,954.7793557047844,5716.838506877422,2800.6282630860806,2880.910223722458,1334.9249213933945,4337.5388370752335,2349.691390991211,2545.7660610079765,3083.2668602466583,3292.3585718870163,2038.2790915369987,1842.2992612719536,2318.7488317489624,10008.246898651123
2020-10-05+2week,1062.3332858085632,828.8805103302002,870.0411319732666,10130.979214936495,3400.472890138626,1658.2300509214401,1108.0204261243343,985.055345416069,5143.612050116062,2435.3348804712296,2416.2173187732697,1391.9804245233536,4232.963879585266,2182.2903156280518,2475.6922325491905,2814.212291240692,2996.481614112854,1982.185880959034,1742.1827393174171,2987.074851989746,10097.090005874634
2020-10-05+4week,933.4223717451096,828.7972593307495,791.4881110191345,12292.221025407314,3682.419541478157,1748.6024669408798,1070.7073648869991,969.9333185553551,5348.825067162514,2762.2259954214096,2293.8877791166306,1435.6032013893127,4281.095603227615,2179.703950881958,2480.1954243779182,2959.901585817337,2469.120833724737,1840.0669879317284,1859.9437716007233,3087.9564583301544,10690.314769744873
2020-10-06+1week,980.6133806705475,837.6563167572021,760.9055042266846,11954.029515892267,3570.523070693016,1718.3455016613007,1180.4472925662994,962.1457322239876,6456.716457903385,3067.053300768137,2849.4903257489204,1371.6356456279755,4470.727324336767,2354.1390895843506,2518.307941854,3100.760892868042,3320.035139620304,2200.571692466736,2055.2960880994797,2452.9874324798584,10426.127910614014
2020-10-06+2week,1102.7244478464127,811.5857839584351,845.2188968658447,7901.056911498308,3355.451082587242,1729.733565568924,1209.4846235215664,1025.0691267251968,6292.4896017313,2829.585590571165,3084.3706449866295,1523.4176069498062,4658.762204915285,2378.862142562866,2634.1710500121117,3239.305940389633,2709.494945257902,2093.7355282902718,2127.1033002734184,2978.472411632538,11328.24182510376
2020-10-06+4week,1049.1283237934113,860.3793001174927,923.2474565505981,10065.709899365902,3548.6663913726807,1804.6174256801605,1216.906138062477,1062.4631978273392,6803.426469743252,3123.8206718862057,2941.7504650354385,1628.3373534679413,4568.696195751429,2511.518955230713,2619.633996963501,3246.4436178207397,3307.8226716816425,2250.6958584189415,2226.8261239528656,4161.567613482475,10544.252395629883
2020-10-07+1week,1052.8778284788132,878.0004644393921,845.525860786438,13779.933495849371,4135.579524040222,1859.8560979366302,1188.5712140500546,994.2328665852547,6281.849201917648,3019.380670517683,2980.181276500225,1475.372314453125,4471.081875085831,2366.513967514038,2534.3166216015816,2858.366733789444,3465.96006244421,2081.797123491764,2040.2775796055794,2453.8295343518257,11648.31280708313
2020-10-07+2week,994.1516816616058,822.3834466934204,893.1341171264648,9720.531840324402,3910.6157845258713,1840.1551494598389,1210.8700804412365,977.2505922913551,6450.404030680656,2741.5224710404873,3108.1515258550644,1486.7819845676422,4740.475449889898,2323.6043453216553,2570.542800486088,3206.4074535369873,3119.9981190264225,1999.7684747576714,1929.7637063860893,2819.749340415001,11179.30293083191
2020-10-07+4week,941.6256099939346,792.9635810852051,908.7643623352051,11232.611318260431,3689.2454999685287,1841.5908906459808,1123.1547954678535,1031.7049075365067,5936.102811872959,2989.9768754541874,2646.6385513544083,1533.5936844348907,4494.634008049965,2461.711883544922,2550.666302382946,3028.8589866161346,2959.759122878313,2009.8535143136978,2042.9522634744644,3049.2883175611496,12100.45337677002
2020-10-08+1week,893.7785774469376,781.5904569625854,753.8906931877136,10013.964374780655,3854.1949474811554,1664.793114066124,1136.0231451690197,842.3254467248917,5896.935876727104,2515.0057460069656,2893.1330502033234,1265.3877586126328,3884.8417466282845,2368.1282997131348,2439.2939046621323,2574.0500524044037,3359.7098411619663,1934.8137580752373,2060.782007932663,2259.1056302189827,9766.19839668274
2020-10-08+2week,946.8905627727509,770.5678462982178,858.8993549346924,10696.661890476942,3603.9080184698105,1753.2247190475464,1143.5081075429916,938.6684640049934,6398.175900161266,2851.1676411926746,2936.517598628998,1320.6526637077332,4128.848942935467,2508.71205329895,2229.361846268177,2849.4329211711884,3293.079391568899,1991.8342034816742,2038.3545382618904,2753.7263929843903,9158.025979995728
2020-10-08+4week,899.849459528923,787.3601484298706,832.8009843826294,6772.3466783463955,3637.8818064928055,1733.7191224098206,1269.6558420062065,978.2562403082848,6498.644466221333,2674.325968116522,3150.718641579151,1424.5350658893585,4500.667986989021,2456.347942352295,2601.586375951767,2993.367688179016,3584.6855533123016,2125.3072667717934,2264.0210159420967,2987.803891301155,10348.494052886963
2020-10-09+1week,1009.090468287468,818.7422895431519,825.1500129699707,11858.706200063229,3746.1267030239105,1772.6823312044144,1210.7792998552322,944.899914085865,5692.573340237141,2363.219716489315,3028.986523747444,1321.73091173172,4108.589734107256,2367.1178817749023,2486.9120614528656,2975.0178525447845,3117.1439208090305,1973.3259525895119,2102.161332845688,2484.515868127346,10601.134300231934
2020-10-09+2week,1066.4281249046326,768.3554935455322,932.7572584152222,7272.508018493652,3381.256050467491,1626.985326051712,1193.563160508871,984.9162847995758,5609.058455109596,2603.229034215212,2580.1855382323265,1430.8355748653412,4081.8914010822773,2194.4966316223145,2340.2599511146545,2734.9081707000732,2763.02947178483,1963.3338416218758,1823.0805638432503,2489.4630536437035,11709.494590759277
2020-10-09+4week,1051.9570857286453,814.2922925949097,887.1127963066101,9174.381973862648,3724.3510848283768,1637.2847301959991,1241.1769953668118,992.9683740139008,6146.162970364094,2510.383407443762,2724.8354557156563,1421.0381358861923,4022.6004747748375,2372.5736141204834,2324.200639307499,2815.300220966339,3282.52478197217,2085.6840313076973,2003.6832340359688,3493.3768212795258,10337.128639221191
2020-10-10+1week,974.9294817447662,776.5037155151367,801.4532327651978,11366.870423853397,3798.597722053528,1749.7059203386307,1230.9611773192883,902.1145108342171,6490.958120107651,3290.8183404505253,3065.9401193261147,1304.568350315094,3970.583092868328,2341.0587310791016,2348.800519824028,2955.2292692661285,3517.077944725752,2178.9057628512383,2019.773353278637,2582.510933279991,10630.093812942505
2020-10-10+2week,924.2779761552811,765.9459161758423,772.3636031150818,7432.138392388821,3724.825215935707,1709.7904187440872,1188.5014035105705,942.6455976366997,6137.197914779186,2777.6034414172173,2850.9500804543495,1398.8880068063736,4334.60318800807,2420.320987701416,2457.009238064289,2927.0188660621643,3372.0485939085484,2085.790843963623,1938.111766219139,3463.2261842489243,9577.711820602417
2020-10-10+4week,882.1194618940353,746.4956617355347,862.3597621917725,8804.712170243263,3660.454270839691,1683.41659283638,1194.2975602149963,931.6158849596977,6312.144583106041,2631.401180177927,2833.218750357628,1417.4920320510864,4469.92987704277,2457.96537399292,2406.5208322405815,2872.699901342392,3216.7775182425976,1992.0303159356117,2115.247911989689,3425.448387861252,10058.46619606018
2020-10-11+1week,850.2306789159775,720.2459001541138,787.8202199935913,11010.320924937725,3881.403955221176,1688.1327276229858,980.2934858500957,878.3122243881226,5720.964959979057,2413.3740215301514,2844.005519449711,1355.5864244699478,3916.6427304446697,2363.9464378356934,2377.1740195155144,2756.569972753525,2291.7714577913284,2023.5817016363144,1898.9534328579903,3393.1538462638855,11057.193279266357
2020-10-11+2week,784.4333350658417,763.0102443695068,822.27623462677,10110.085753381252,3712.1353262662888,1750.108193397522,940.5171610713005,949.2730348110199,5525.724595963955,2063.5975799262524,2553.7864780426025,1366.2982732057571,4047.860367000103,2250.192642211914,2539.683619916439,3006.3194828033447,2235.116430968046,1967.1666331291199,1990.1944726109505,2955.1398009061813,10376.684665679932
2020-10-11+4week,896.4502066373825,848.647313117981,885.0479125976562,9440.194154024124,4045.1283091306686,1797.0125492811203,1033.2358632981777,983.4893310666084,5931.139540553093,2296.679758965969,2686.011518239975,1337.1017575263977,4173.285321503878,2406.0089588165283,2409.8145065903664,3002.8542251586914,2864.016928523779,1816.9711571335793,1954.385503590107,2993.299812078476,8846.638202667236
2020-10-12+1week,790.8238470554352,725.1364707946777,788.3718013763428,9449.46670153737,3983.04925262928,1740.023107290268,972.9194675683975,837.4841232895851,5362.408846974373,2381.5090165138245,2826.1382415890694,1279.1184335947037,4075.5600821077824,2204.288959503174,2338.3394653201103,2663.2878823280334,2565.145755261183,1896.6193193793297,1719.8314236998558,2355.6407541036606,10061.18655204773
2020-10-12+2week,872.5389093160629,769.3974685668945,878.106415271759,11920.403961986303,3884.3879222869873,1674.5899139642715,1051.0961594581604,960.2764698266983,5854.776035606861,2413.399289339781,2754.506242275238,1350.482627749443,3968.6959176957607,2300.1434803009033,2336.491277396679,2922.0364632606506,2721.743763834238,2005.5645996332169,2022.4599551558495,2802.431583404541,10288.325548171997
2020-10-12+4week,945.6528723239899,731.7345380783081,882.0894956588745,9170.648771137,3802.3945945501328,1751.1784559488297,1122.5385091006756,976.2519452571869,6030.657720208168,2770.9087248146534,2671.481820344925,1365.8937066793442,4131.480635762215,2459.41424369812,2261.286419570446,2943.625561475754,2919.9239400029182,1819.0480874180794,1981.3123244047165,3182.384744286537,8910.08734703064
2020-10-13+1week,1013.2410377264023,744.7416353225708,774.3397951126099,8766.546441048384,3671.9274789094925,1790.9545559883118,1044.9900224506855,894.8793308138847,5954.765565931797,2776.4100072681904,2646.261888742447,1393.6670869588852,3508.5158994197845,2223.6297130584717,2400.882775783539,2765.0618686676025,3057.8808030486107,1936.1426842212677,1764.8350351452827,2886.4920139312744,11499.582529067993
2020-10-13+2week,828.2829076051712,732.9244518280029,767.5500512123108,7925.66321054101,3789.3980491161346,1786.5705193281174,999.1574765443802,912.9394687414169,5954.768981516361,2259.491390287876,2703.4836745262146,1373.5590130090714,4042.9056078493595,2299.528121948242,2410.8542300462723,2907.945933818817,2551.1004073917866,1824.0509271621704,1810.680381178856,2730.2151545882225,10666.592121124268
2020-10-13+4week,912.2855216264725,782.9892683029175,917.4624681472778,9223.166901946068,3674.3034875392914,1691.179836988449,1062.4341438412666,1035.7637512683868,5747.339677035809,2159.391605079174,2630.4729902744293,1419.5595681667328,4121.131723612547,2264.4543647766113,2476.41850823164,2722.643558740616,2805.4490503668785,1973.6561725139618,1977.5312857627869,2456.8429216742516,11317.439079284668
2020-10-14+1week,973.7909585237503,771.1857032775879,825.9432315826416,10299.226630240679,3864.012520313263,1762.8337535858154,1161.5770287811756,884.1932417154312,6294.259301483631,2960.1401864290237,3064.4247382879257,1358.611285686493,4099.855565160513,2415.752410888672,2408.7213250994682,2694.6271784305573,3187.743590772152,2167.999985575676,2078.207752108574,2626.0145008563995,11750.727891921997
2020-10-14+2week,993.5778379440308,714.8036193847656,880.5555701255798,10332.3914206326,3782.9988086223602,1737.2726292610168,1124.2531240582466,934.6950706243515,5988.876582026482,2643.6349765360355,2930.7646384835243,1323.8254934549332,4184.628999531269,2349.8311042785645,2533.907561659813,2846.643458843231,2455.6495566666126,2198.7393110990524,2148.427849173546,2383.778616786003,11298.214197158813
2020-10-14+4week,892.1507745981216,681.0459470748901,875.2848505973816,7339.326364994049,3664.7497457265854,1738.1733340024948,1148.344391733408,946.6147712469101,5867.420956611633,2733.077175527811,2661.627977192402,1353.5086065530777,4356.708318024874,2347.708225250244,2441.2909272909164,2879.0952112674713,2470.664254873991,2128.8019496798515,1969.6274242401123,2830.7493776082993,11545.581817626953
2020-10-15+1week,880.4665505886078,746.4533472061157,724.9489426612854,8392.482837289572,3943.561778664589,1831.1551195383072,1015.3972541093826,841.0340051651001,4954.699483454227,2787.2407093048096,2629.811211526394,1206.8165838718414,3396.0474202036858,2141.6985988616943,2371.373704969883,2453.0791869163513,2808.4575368463993,1787.533778488636,1731.249279677868,2374.798245728016,12509.467601776123
2020-10-15+2week,875.4267543554306,715.5637407302856,781.0857892036438,6696.666907578707,3701.7893266677856,1838.0840406417847,1121.7065180242062,890.4595049023628,5823.198956310749,2518.956921428442,2945.805200636387,1287.5955551862717,3790.125323742628,2279.5486450195312,2307.3549998402596,2702.606205701828,2541.272541284561,1882.1899866461754,1688.6385619044304,3171.544149518013,12406.480312347412
2020-10-15+4week,935.4786574840546,760.8327484130859,818.7068700790405,10124.9651055336,3666.3304376602173,1704.4867111444473,1067.9587653279305,943.7974990606308,6046.241751730442,2614.059945076704,2714.6680596470833,1339.8494571447372,4020.2435490489006,2335.1545333862305,2299.887124300003,2512.772541999817,2940.7760120928288,1872.7357255220413,1914.0658714175224,2193.7793120741844,11742.04707145691
2020-10-16+1week,881.2778443098068,707.9362630844116,762.5975012779236,10926.936729997396,3730.970566868782,1659.325917840004,1050.0583213865757,853.5192509293556,5498.10532528162,2879.4496290385723,2570.0815013051033,1324.1124898195267,3097.211927846074,2247.161865234375,2351.875181078911,2465.8277611732483,2869.4119016826153,1874.5015264749527,1918.615116596222,2733.8752523064613,12937.116622924805
2020-10-16+2week,883.2288533449173,704.3186140060425,861.713707447052,9357.320362865925,3745.312268137932,1698.637725353241,1137.5112119317055,900.026299893856,5815.274800121784,2470.7780996859074,2945.169613659382,1337.1024280786514,3629.8419203460217,2252.56085395813,2512.1809916496277,2613.9079608917236,2618.60057964921,2079.9682131409645,2044.2133503556252,2614.93306607008,13172.152042388916
2020-10-16+4week,889.6278589963913,715.9889936447144,867.1495914459229,11012.433818399906,4012.905747294426,1825.8248592615128,1090.1698980629444,959.062902212143,5756.980164468288,2570.519123762846,2893.594025373459,1422.2196489572525,3939.1872543096542,2304.110050201416,2617.44998896122,2905.4893324375153,3076.5620689094067,2001.251861155033,1959.924549460411,3068.2995915412903,12715.697288513184
2020-10-17+1week,860.8271181583405,686.3465309143066,771.025538444519,8676.56518176198,4010.114491581917,1803.8195177316666,1078.898677289486,812.5199614167213,5589.20408898592,2338.4712543189526,2975.704978108406,1233.3058565855026,3796.4200589954853,2371.087074279785,2373.933096706867,2712.0673401355743,2362.5550350546837,1960.5507171750069,1813.8834974169731,2743.900381028652,10938.059091567993
2020-10-17+2week,820.8362758159637,728.9694213867188,780.1426649093628,9199.746878027916,3924.656947851181,1717.4620561599731,965.6395456492901,910.6844809651375,5713.733313560486,2140.3950152099133,2700.4441818594933,1402.1064341068268,3513.9921711981297,2271.451711654663,2422.8114030361176,2713.314692735672,2512.3538587987423,1815.0819773077965,1738.341908633709,3808.5024803876877,11496.2899684906
2020-10-17+4week,867.423340678215,765.0721454620361,806.2146306037903,7562.884494394064,3801.5403938293457,1718.534594655037,923.4611647725105,965.4563339352608,5890.649920284748,2117.567115396261,2737.9592791199684,1364.4010573625565,4068.8539745807648,2290.6908988952637,2451.9307247400284,3051.075264930725,2754.175264239311,1866.289889395237,1913.7121691703796,3027.6093631982803,9758.784770965576
2020-10-18+1week,849.6172726154327,697.1025276184082,736.6724014282227,11074.41542083025,3688.0280536413193,1775.4631551504135,1125.8564364612103,853.1652697324753,5910.538015305996,2845.0801873207092,2895.796878039837,1306.6741079092026,3726.940177023411,2481.2545776367188,2365.552666604519,2712.891608953476,3189.713256806135,1844.1317064762115,2098.93337059021,3187.393397092819,11631.660461425781
2020-10-18+2week,832.3062211275101,739.3899011611938,835.9681367874146,9874.10991999507,3950.4466211795807,1837.165697336197,1120.0202215909958,949.0546616911888,5945.716828525066,2518.304134875536,2827.8384616971016,1353.704184293747,4073.084843069315,2400.022268295288,2545.9353840351105,2749.1095077991486,2771.732891499996,1956.9383352398872,1946.2739859223366,3607.5204610824585,11567.564010620117
2020-10-18+4week,811.4298433065414,707.5480556488037,877.3815035820007,9085.306967675686,3933.6623799800873,1780.7873462438583,1106.5360336005688,954.3160440921783,5821.35795623064,2534.765173137188,2786.907458603382,1364.9944961071014,4184.068178862333,2304.5196533203125,2489.6433666944504,2858.279138803482,2803.6689461767673,1932.5683256983757,1975.4379583001137,2684.4486594200134,12753.819227218628
2020-10-19+1week,885.6557309627533,681.4670658111572,777.1531343460083,8547.393567234278,4226.136271357536,1795.1250332593918,865.644237279892,866.8683028817177,5365.889327645302,2592.7318255007267,2789.965410232544,1236.6892397403717,2784.790253162384,2277.743339538574,2122.1916739940643,2271.1549124717712,2708.612297922373,1689.5020064115524,1798.9094289541245,2984.5766723155975,12907.012701034546
2020-10-19+2week,857.7248454093933,711.0943698883057,884.1213583946228,5593.452679812908,4170.416689515114,1642.4795718193054,1011.7003424465656,926.142171382904,5531.632703363895,2124.660478681326,2637.738837003708,1377.0990818738937,3060.262758180499,2213.508367538452,2259.651357293129,2291.440597295761,2604.748024791479,1857.1191472411156,1831.203797519207,2958.1617563962936,11896.638870239258
2020-10-19+4week,860.2584153413773,749.7577714920044,900.1700282096863,10948.429693251848,4328.576120734215,1768.7523453235626,1015.697466313839,966.461022913456,5742.574936568737,2485.190565943718,2747.449929714203,1372.0717281103134,3554.924685448408,2288.170337677002,2438.734597027302,2545.8208162784576,2676.4088641107082,1947.207023859024,1934.0358073711395,3233.4722578525543,13879.482746124268
2020-10-20+1week,931.0988336801529,714.3169212341309,807.6736927032471,7579.043038070202,4065.6451857089996,1684.2622956037521,1072.6265722215176,869.2342514395714,5863.791898012161,2745.0841880738735,2639.814721941948,1307.6727837324142,3045.2250972390175,2186.058282852173,2274.9747380018234,2251.176248073578,3365.052038580179,1932.4810769557953,1760.9220904111862,2947.3837465047836,11965.410709381104
2020-10-20+2week,943.056270480156,713.5695266723633,861.7701530456543,9903.881352573633,3754.7612422704697,1675.904461145401,1121.4238704741,889.3790518641472,5422.992351233959,2739.118270277977,2581.4587077498436,1289.1662120819092,3329.977608114481,2067.662239074707,2220.181665122509,2351.5942640304565,2888.578111976385,1890.702497780323,1806.2115320563316,3050.8488416671753,11444.978713989258
2020-10-20+4week,878.6060661077499,719.2178678512573,858.0875992774963,7347.135161012411,4201.860758662224,1795.9428557157516,1159.9825883209705,893.4429785013199,5616.975780129433,2580.002905368805,2719.219940006733,1375.7845759391785,3472.124826103449,2273.2319831848145,2277.421561717987,2632.2175028324127,2572.9274843633175,1925.31894916296,1778.9695910215378,3129.878267645836,11825.977563858032
2020-10-21+1week,805.5274188518524,674.9455213546753,777.8069376945496,8781.983291596174,4348.138617277145,1773.4083572626114,1009.2934471070766,860.5547590851784,5480.895902454853,2677.498435586691,2788.199336528778,1297.0726937055588,3005.4313486218452,2345.3543186187744,2265.0915954709053,2257.4695098400116,2343.9488938450813,1819.6340581774712,1900.0801896452904,3068.738430738449,13183.015584945679
2020-10-21+2week,749.5471090078354,655.8437132835388,803.7295937538147,7620.613580524921,4109.434252381325,1784.6243977546692,1076.2278640568256,819.035286962986,5585.948183000088,2643.644582480192,2699.8669651150703,1291.2223488092422,3310.987543076277,2357.464551925659,2243.166500687599,2351.696312189102,2412.6322120428085,1761.0806854963303,1866.9309564828873,3099.3379652500153,11592.559814453125
2020-10-21+4week,759.4617456197739,665.236485004425,803.280234336853,8945.093575567007,3965.319808125496,1639.5198966264725,1022.6315616965294,903.791294157505,5467.8769749403,2290.036830931902,2733.7912952899933,1284.3018025159836,3504.0484043061733,2277.430534362793,2108.0660358667374,2552.4145288467407,2477.887261211872,1840.3886880874634,1929.4805021882057,3220.342844724655,11094.815731048584
2020-10-22+1week,807.9463988542557,689.0339088439941,886.2792253494263,9485.495353549719,4404.560219049454,1698.9641336202621,1064.1337033808231,823.5032566189766,5098.195449113846,2539.904562085867,2640.011035501957,1284.0762734413147,3377.955602288246,2168.8449382781982,2171.0810487270355,2188.6973724365234,2645.0646516680717,1808.3911189436913,1762.610407590866,2614.2049580812454,11786.116361618042
2020-10-22+2week,875.9523183107376,684.6027994155884,982.8877449035645,7263.903705358505,4457.72484600544,1675.760128378868,1099.2029696404934,906.6621766090393,5383.766497254372,2674.8384243547916,2694.585207402706,1342.1635329723358,3260.5029801875353,2292.113780975342,2075.4375591874123,2224.986223220825,2307.6337990164757,2134.3126623034477,1797.4713899493217,2709.4891294837,11800.240278244019
2020-10-22+4week,890.3563767671585,658.9165019989014,916.2009358406067,9584.567146033049,4557.456030249596,1792.6334438323975,1126.064075767994,900.2230946421623,5686.446635425091,2802.1992526054382,2815.4894158244133,1285.1748615503311,3411.4425508081913,2191.7378902435303,2148.1209404468536,2376.986298561096,2585.9313191473484,1945.3599695563316,1872.1270061135292,3110.56450009346,12053.31802368164
2020-10-23+1week,821.5716481208801,638.7537908554077,838.9389514923096,6677.727236062288,4465.694836974144,1706.6740827560425,1076.5071062147617,838.7135150432587,5079.78587526083,2752.1059244275093,2376.148648560047,1287.9985570907593,2736.366832718253,2290.802001953125,1967.2731145620346,2180.7161552906036,2851.6038589179516,1689.190719306469,1735.5862227082253,3182.791545987129,11419.038772583008
2020-10-23+2week,847.6632833480835,650.3951501846313,927.0517826080322,5805.406441926956,4512.887706160545,1803.6057686805725,1072.5655440092087,802.9471724331379,5302.153238832951,2604.8570329248905,2720.25214523077,1191.1308020353317,3318.1416065990925,2285.900592803955,2151.152741074562,2271.378279685974,2712.643179744482,1894.3164574503899,1820.6684801578522,2562.411315739155,10812.708139419556
2020-10-23+4week,735.7270270586014,594.3441247940063,834.1754674911499,8873.649774342775,4492.552070021629,1724.460203886032,1103.1955231130123,802.8652225732803,5147.319667160511,2772.5768178999424,2569.2106872797012,1195.9880590438843,2933.072055324912,2301.344871520996,2091.761335194111,2250.679584503174,2909.920513778925,1815.4718356132507,1802.2882853150368,3526.6902297735214,11950.240135192871
2020-10-24+1week,773.8988846540451,604.599723815918,763.3757591247559,9642.05566778779,4351.76189661026,1719.0523718595505,1094.9572521448135,763.9934166371822,5059.204416573048,3036.0661955177784,2686.4088848233223,1205.0259858369827,3155.0683052390814,2211.580276489258,2041.7721850275993,2188.960157394409,2561.549465507269,1863.2180394530296,1694.4529339671135,3236.972913146019,11679.939031600952
2020-10-24+2week,865.2543276548386,620.4146575927734,874.6353387832642,9313.71584224701,4427.0554459095,1805.5200270414352,1132.0417936444283,822.9202569723129,5776.016925036907,2960.1474952995777,2850.3149923682213,1318.1108236312866,3600.517732322216,2342.2012329101562,2198.658329844475,2550.762925386429,2792.1869914233685,1931.8509296178818,1760.7509962916374,3130.8352947235107,12000.985145568848
2020-10-24+4week,824.7631788253784,644.9899959564209,849.6615886688232,8942.20171174407,4481.190512180328,1781.7366044521332,1065.1910776495934,883.0497798323631,5532.117716372013,2612.5645501613617,2793.0872198939323,1277.0969420671463,3284.1751778125763,2213.2568359375,2272.270044028759,2429.6589155197144,2736.9442541897297,1848.1462530493736,1808.1396234035492,3243.419900536537,11192.141771316528
2020-10-25+1week,767.6786184310913,626.5295124053955,764.8440599441528,6660.276772588491,4432.820727229118,1698.1806399822235,1018.2027595639229,743.4998617768288,4892.25704729557,2509.5493609011173,2398.961681127548,1189.686879515648,2818.3822825849056,2264.1780376434326,2054.3783903717995,2244.213760614395,2768.6245080828667,1708.8005447387695,1604.7169972658157,2746.0265904664993,10377.503633499146
2020-10-25+2week,763.2637768983841,673.4922361373901,811.6087317466736,9008.332731455564,4503.653620481491,1681.5850270986557,994.5907560288906,793.9505259692669,5094.808043122292,2630.962647944689,2599.9114340543747,1265.8126652240753,3255.8525664657354,2287.614345550537,2115.5765365362167,2355.8329854011536,2547.321018129587,1831.6374656558037,1800.1606178283691,3204.0532678365707,10965.253114700317
2020-10-25+4week,749.199241399765,619.2725706100464,841.1188125610352,9463.415616869926,4327.211081981659,1615.5735543966293,981.115619212389,735.9403348565102,5414.884607374668,2184.981213837862,2550.864723622799,1172.5855618715286,3080.816388130188,2255.979537963867,2015.813716828823,2136.5967507362366,2369.646371304989,1831.5737251639366,1760.0696498155594,3095.2222645282745,10706.11596107483
2020-10-26+1week,716.4115458726883,557.9306077957153,724.023699760437,8984.277566671371,4321.81745827198,1705.078646183014,982.488888412714,710.0326227247715,5208.350612998009,2364.3147941231728,2611.451777815819,1039.949432015419,2901.43102799356,2312.6187324523926,1976.74813914299,2243.914623737335,3041.238134801388,1701.394183576107,1839.9853496551514,2904.5552015304565,10684.68689918518
2020-10-26+2week,755.6029409170151,571.8741369247437,785.830557346344,9344.934479564428,4358.045663237572,1660.8138160705566,1026.5767085254192,739.973044782877,5377.666263222694,2675.587896823883,2700.9864762425423,1178.6147207021713,3218.70977550745,2226.290464401245,2039.1051707267761,2186.5118775367737,2838.64849165082,1929.3068320155144,1780.6829562187195,3237.590193748474,11936.702728271484
2020-10-26+4week,749.0450888872147,602.4782419204712,790.256679058075,9147.956804484129,4546.944849491119,1639.2604390382767,1026.9540797472,765.8219678401947,5351.658294558525,2666.032697111368,2804.278589487076,1214.223951101303,3134.9885123223066,2321.333408355713,2078.7974084615707,2161.6388432979584,2586.0234074294567,1881.7822999358177,1961.7779007554054,2572.285011410713,11035.80355644226
2020-10-27+1week,676.5531748533249,509.10600423812866,775.0726342201233,7860.802472561598,4553.848810195923,1654.827704668045,979.3038609623909,681.6399453282356,4710.722997188568,2377.9512671530247,2617.635280787945,1108.1638187170029,2891.4944610893726,2168.1785583496094,1887.2751669287682,2097.2263083457947,2187.0806788653135,1728.7760891318321,1606.8042647242546,2580.1775977015495,10892.80366897583
2020-10-27+2week,692.4612075090408,543.160810470581,814.7204518318176,7491.167035281658,4784.447827339172,1733.836902499199,989.8253577649593,716.3376310765743,4764.726377785206,2547.017972558737,2690.268055200577,1165.6585335731506,2696.121236220002,2261.9478702545166,2003.7882494330406,2164.3849461078644,2361.6177271306515,1748.7276519536972,1708.5555738210678,2857.062965631485,10620.583295822144
2020-10-27+4week,699.9091804027557,530.5222630500793,808.0405592918396,10457.632544189692,4650.12266099453,1710.9437532424927,1002.5585671663284,724.4032427370548,5285.559048175812,2296.8915073871613,2938.7097251415253,1110.8062416315079,2856.599428474903,2209.2180252075195,2102.8798999786377,2248.9854974746704,2395.9278823435307,1702.6756199002266,1710.9042294621468,2969.2228883504868,10818.957090377808
2020-10-28+1week,736.4076375961304,557.055094242096,752.0220279693604,8770.590213656425,4744.02738571167,1821.0417737960815,953.3665122687817,690.1088807284832,4467.55899310112,2631.528354525566,2608.8443246483803,1041.373685002327,2599.29755204916,2203.7923336029053,1860.154987335205,2104.139304637909,2525.345845967531,1581.7375029921532,1513.8844017982483,2688.3767917752266,11695.972681045532
2020-10-28+2week,712.9304856061935,526.2113690376282,826.1365294456482,10987.617502838373,4681.907798647881,1624.3640078306198,926.0833167433739,754.5192647874355,4758.78112590313,2296.3942953646183,2614.1288262605667,1123.7606406211853,2535.3377255648375,2192.1966075897217,1925.6337797641754,1994.7839722633362,2082.972991093993,1722.9050218462944,1677.42412006855,2697.5158601999283,12419.370412826538
2020-10-28+4week,816.9887959957123,535.6297969818115,845.799446105957,9759.500723600388,4852.532289624214,1723.425218462944,1006.7560714781284,716.8263092637062,5215.129267513752,2928.268499016762,2682.1842768788338,1109.9660396575928,2708.1987292170525,2224.520683288574,1916.1853664517403,1920.1924619674683,2630.348836481571,1752.6043044924736,1750.0664008259773,2559.151127934456,12069.355249404907
2020-10-29+1week,705.7497650384903,564.620680809021,841.7201638221741,5893.03551620245,4832.981263995171,1785.5230162143707,879.876446545124,780.9682583808899,4428.83394920826,2561.142051666975,2498.1933215260506,1113.6683821678162,2381.195522546768,2255.286455154419,1907.4090642929077,2084.670443058014,2353.584505468607,1695.4000529646873,1593.2183412313461,2517.5999850034714,11531.411409378052
2020-10-29+2week,785.0272953510284,567.3259329795837,873.2012510299683,7835.23518884182,4851.909801363945,1770.8382477760315,957.6964684128761,761.5216861069202,4381.474307537079,2471.702149748802,2563.2559257745743,1134.401187300682,2389.7152486145496,2165.0986671447754,1849.554989039898,2024.9144575595856,1991.929183974862,1700.70676445961,1615.252920627594,2293.313853442669,12458.522319793701
2020-10-29+4week,713.7381285429001,575.705668926239,896.1681723594666,8266.34309759736,4828.286601305008,1792.2526025772095,979.8293667435646,757.4155617654324,4725.214895546436,2556.5583457052708,2547.554083764553,1141.0237848758698,2625.717809870839,2162.51540184021,1846.3920160531998,1938.091183423996,2586.442920714617,1729.9780076146126,1703.7049444317818,2383.943274617195,12254.228591918945
2020-10-30+1week,622.2305819392204,579.1459536552429,795.4884171485901,7949.078143149614,4828.564197421074,1688.1960747241974,797.2824233174324,685.5671609938145,4019.078650534153,2251.479197561741,2275.7316434383392,1134.9065601825714,2360.8292868733406,2053.6303520202637,1952.617370545864,2065.553713321686,2092.410424426198,1487.227866411209,1399.9835922122002,2414.4241586327553,10832.427740097046
2020-10-30+2week,609.0793386101723,567.7706813812256,799.332857131958,8899.549266010523,4754.98287320137,1678.0973329544067,799.009763687849,750.7992494404316,4737.632680177689,2128.3443582654,2503.6062875390053,1204.659640789032,2560.3775316774845,2166.794776916504,1911.0025275349617,2062.460296392441,1928.4733567386866,1576.078956604004,1523.7977607250214,2859.942615032196,12651.749849319458
2020-10-30+4week,671.5329736471176,628.3452677726746,869.1087365150452,7888.077890634537,5015.159259438515,1730.9479712247849,949.0006202757359,743.7429780960083,5013.301948666573,2121.154726713896,2683.2526516914368,1246.3103234767914,2519.5753955841064,2296.4437007904053,1974.3444115519524,2133.1906197071075,2016.198619902134,1721.2294673323631,1715.735466837883,3202.1306455135345,11021.263599395752
2020-10-31+1week,709.6131145954132,585.3944802284241,846.4052677154541,7734.8854776620865,5009.105675816536,1777.017814397812,876.8205551505089,711.0951417386532,4685.099708735943,2430.172729611397,2444.913522005081,1178.9844185113907,2520.127264916897,2280.214309692383,1986.6517699956894,1955.3754260540009,2190.1010129600763,1654.308419585228,1490.724075615406,2805.9955686330795,13254.040479660034
2020-10-31+2week,717.7562266588211,571.0123229026794,900.7974863052368,9188.08141502738,4989.149344563484,1746.3830424547195,975.8377990424633,757.1581557691097,5288.131410300732,2521.165870934725,2682.370363175869,1206.1375379562378,2607.6826188862324,2283.452272415161,1895.7406117916107,1940.2959492206573,2034.5997165888548,1855.0032469034195,1675.8258949518204,2930.0253838300705,12762.562036514282
2020-10-31+4week,735.5734705924988,551.4294910430908,928.29430103302,9828.882544457912,5110.007658004761,1842.6116514205933,990.3323131203651,794.192155778408,5033.877857029438,2495.1183092296124,2745.1430583000183,1255.2208453416824,2279.1687769442797,2283.604860305786,2009.2426174879074,1949.9182584285736,2189.9129320681095,1865.2261804938316,1614.0853598117828,3233.916684985161,14227.856397628784
2020-11-01+1week,714.1676545143127,610.8949828147888,791.8123006820679,8678.209674745798,4837.33103454113,1733.3904381990433,827.3126949369907,711.2829694747925,4427.779814422131,2383.052023500204,2259.6833217144012,1140.2763426303864,2473.569030493498,2066.0793781280518,1783.6148561239243,2009.552048921585,2152.969644367695,1476.8201800584793,1319.4806779623032,3273.9531248807907,10710.872411727905
2020-11-01+2week,662.1969491243362,591.746199131012,814.7921562194824,7945.91007578373,4753.299707770348,1652.9830522537231,725.0263641774654,685.9057975709438,4311.102591812611,2117.950517863035,2062.0928505063057,1143.980696797371,2388.626299113035,2008.8152885437012,1767.084312915802,1822.8070939183235,1815.5836241692305,1414.4198162555695,1205.0268929898739,2448.764443397522,10945.475101470947
2020-11-01+4week,677.0187616348267,591.7629384994507,892.2025561332703,8545.994729936123,5167.844770550728,1833.6051729917526,732.5495027899742,732.7012774348259,4439.918801963329,1710.1723413169384,2344.3917497992516,1203.8514018058777,2461.5872778743505,2270.1895236968994,1890.443556368351,2069.9908373355865,1881.187774091959,1469.969654917717,1502.1635456085205,2720.7328006625175,10957.416296005249
2020-11-02+1week,585.981123149395,578.1052350997925,827.7031779289246,6221.666819214821,5170.402784347534,1782.1758615970612,837.8476340770721,716.7839197516441,4546.010274112225,2323.619629353285,2460.874787271023,1177.530661225319,2346.053549811244,2247.2965717315674,1877.0639757514,2239.8817505836487,2193.7499438226223,1572.5382038354874,1368.526918232441,3008.7407678365707,11938.467025756836
2020-11-02+2week,617.4718961119652,533.5087609291077,813.0834102630615,9229.268836438656,4944.018180966377,1674.40385556221,833.2829747200012,707.3760854303837,4523.754752039909,2103.264699846506,2717.1255961060524,1034.5367342233658,2454.854705527425,2179.443359375,1715.3682562708855,2026.6974534988403,1916.695346236229,1711.8350023627281,1678.922961115837,2519.5034220814705,10626.424551010132
2020-11-02+4week,678.1637668609619,545.3968334197998,945.0703859329224,9478.842284798622,5324.369978904724,1792.1128216981888,879.1313825845718,747.900506913662,4921.272438168526,2272.4658884704113,2716.8911173939705,1225.7268279790878,2162.3240673244,2320.5723762512207,1870.592963039875,1995.3520257472992,1686.922426968813,1665.420880138874,1619.4030135273933,2840.567007660866,12638.533115386963
2020-11-03+1week,627.5694817304611,560.6174993515015,875.3647804260254,7395.805534631014,5077.121312618256,1751.1001255512238,839.2851576507092,677.1057540476322,4098.917085826397,2279.786244392395,2328.6739432811737,1019.9817270040512,2134.851054534316,2071.4774131774902,1750.6032242774963,1852.9190747737885,2246.1773914843798,1561.125658094883,1465.8190742135048,2239.3133491277695,11545.145511627197
2020-11-03+2week,659.1656804084778,566.7620229721069,931.3298463821411,8019.9962666630745,5128.75495493412,1649.470322728157,951.6734050512314,730.113359361887,4787.84945833683,2228.9010522961617,2636.9111770391464,1118.980273604393,2367.6575995981693,2187.6931190490723,1675.7007458209991,1769.633652627468,1826.0553004592657,1675.4962955117226,1688.1458835601807,2512.3007595539093,11392.58861541748
2020-11-03+4week,743.4869557619095,620.6680178642273,940.922737121582,8998.473410516977,5241.6922199726105,1684.6774656772614,869.8318838775158,745.5206522941589,4446.529665887356,2166.3114348948,2277.8342190384865,1147.434040904045,2552.4160965532064,2112.6248836517334,1790.1138930916786,1797.393817603588,2104.4074811786413,1584.6545771360397,1642.377095580101,2240.694500505924,9505.259990692139
2020-11-04+1week,718.335285782814,551.8886280059814,817.1571493148804,6721.321574062109,4846.276817917824,1704.4990391731262,891.3167719244957,714.5937629938126,4382.190726399422,2363.028224080801,2408.2702365517616,1099.0724712610245,2291.3316968232393,2162.4927520751953,1744.386313855648,2036.7537958621979,1931.1330117285252,1636.9662725925446,1482.265925705433,2940.3794556856155,9593.110084533691
2020-11-04+2week,680.4881989955902,548.30810546875,897.6966738700867,7535.568345844746,5019.05860543251,1720.8706612586975,919.8923137784004,736.9396052658558,4702.190013051033,2279.239540874958,2607.9016703367233,1155.3038656711578,2426.731747895479,2193.3202743530273,1773.13872975111,1929.8682041168213,2046.94170050323,1711.679911017418,1504.892163515091,2583.66409689188,11542.038917541504
2020-11-04+4week,667.5068289041519,566.8210363388062,958.9042067527771,8674.921961605549,5222.622972726822,1741.9005712270737,909.4186716973782,743.6863468587399,4714.820417821407,2045.4985193610191,2604.0352660417557,1142.1094089746475,2514.7457605451345,2262.235641479492,1868.7242867946625,2091.4143810272217,2170.611281991005,1782.1289318799973,1681.0471946001053,3099.774569272995,10723.068714141846
2020-11-05+1week,675.2807646989822,575.4258823394775,908.2289338111877,9113.60064765811,4937.4109345674515,1756.5709253549576,954.2086299061775,736.5759857296944,4729.820384383202,2280.525275617838,2474.4892698526382,1161.259487271309,2732.8878764659166,2242.5172328948975,1848.9907359480858,2113.7489125728607,2315.9082812070847,1690.603423178196,1555.4582528471947,2823.726087808609,10277.702808380127
2020-11-05+2week,661.6449356079102,531.4804196357727,894.5430517196655,8676.59318396449,4898.957372307777,1712.1940050125122,919.6242735683918,717.1999507546425,4671.494154572487,2003.7274888455868,2705.4128855466843,1105.8446019887924,2708.3267722427845,2236.096143722534,1860.6744958162308,2186.303839445114,1791.5343115478754,1765.9028745889664,1785.9375858902931,2698.262594640255,10875.662565231323
2020-11-05+4week,749.3720203638077,536.9906306266785,896.9016671180725,7673.866132736206,4758.4700310230255,1737.7323698997498,990.4576853215694,774.4709627628326,5095.130388915539,2147.9799522459507,2857.7063101530075,1145.4570293426514,2849.040219694376,2255.054473876953,1839.2244004011154,2107.134177207947,2145.7124415040016,1781.85929697752,1728.6780198812485,2773.8139033317566,11356.266736984253
2021-09-28+1week,0.0,0.0,0.0,0.0,0.0,0.0,0.0,0.0,0.0,0.0,0.0,0.0,0.0,0.0,0.0,0.0,0.0,0.0,0.0,0.0,0.0
2021-09-28+2week,0.0,0.0,0.0,0.0,0.0,0.0,0.0,0.0,0.0,0.0,0.0,0.0,0.0,0.0,0.0,0.0,0.0,0.0,0.0,0.0,0.0
2021-09-28+4week,0.0,0.0,0.0,0.0,0.0,0.0,0.0,0.0,0.0,0.0,0.0,0.0,0.0,0.0,0.0,0.0,0.0,0.0,0.0,0.0,0.0
2021-09-29+1week,0.0,0.0,0.0,0.0,0.0,0.0,0.0,0.0,0.0,0.0,0.0,0.0,0.0,0.0,0.0,0.0,0.0,0.0,0.0,0.0,0.0
2021-09-29+2week,0.0,0.0,0.0,0.0,0.0,0.0,0.0,0.0,0.0,0.0,0.0,0.0,0.0,0.0,0.0,0.0,0.0,0.0,0.0,0.0,0.0
2021-09-29+4week,0.0,0.0,0.0,0.0,0.0,0.0,0.0,0.0,0.0,0.0,0.0,0.0,0.0,0.0,0.0,0.0,0.0,0.0,0.0,0.0,0.0
2021-09-30+1week,0.0,0.0,0.0,0.0,0.0,0.0,0.0,0.0,0.0,0.0,0.0,0.0,0.0,0.0,0.0,0.0,0.0,0.0,0.0,0.0,0.0
2021-09-30+2week,0.0,0.0,0.0,0.0,0.0,0.0,0.0,0.0,0.0,0.0,0.0,0.0,0.0,0.0,0.0,0.0,0.0,0.0,0.0,0.0,0.0
2021-09-30+4week,0.0,0.0,0.0,0.0,0.0,0.0,0.0,0.0,0.0,0.0,0.0,0.0,0.0,0.0,0.0,0.0,0.0,0.0,0.0,0.0,0.0
2021-10-01+1week,0.0,0.0,0.0,0.0,0.0,0.0,0.0,0.0,0.0,0.0,0.0,0.0,0.0,0.0,0.0,0.0,0.0,0.0,0.0,0.0,0.0
2021-10-01+2week,0.0,0.0,0.0,0.0,0.0,0.0,0.0,0.0,0.0,0.0,0.0,0.0,0.0,0.0,0.0,0.0,0.0,0.0,0.0,0.0,0.0
2021-10-01+4week,0.0,0.0,0.0,0.0,0.0,0.0,0.0,0.0,0.0,0.0,0.0,0.0,0.0,0.0,0.0,0.0,0.0,0.0,0.0,0.0,0.0
2021-10-02+1week,0.0,0.0,0.0,0.0,0.0,0.0,0.0,0.0,0.0,0.0,0.0,0.0,0.0,0.0,0.0,0.0,0.0,0.0,0.0,0.0,0.0
2021-10-02+2week,0.0,0.0,0.0,0.0,0.0,0.0,0.0,0.0,0.0,0.0,0.0,0.0,0.0,0.0,0.0,0.0,0.0,0.0,0.0,0.0,0.0
2021-10-02+4week,0.0,0.0,0.0,0.0,0.0,0.0,0.0,0.0,0.0,0.0,0.0,0.0,0.0,0.0,0.0,0.0,0.0,0.0,0.0,0.0,0.0
2021-10-03+1week,0.0,0.0,0.0,0.0,0.0,0.0,0.0,0.0,0.0,0.0,0.0,0.0,0.0,0.0,0.0,0.0,0.0,0.0,0.0,0.0,0.0
2021-10-03+2week,0.0,0.0,0.0,0.0,0.0,0.0,0.0,0.0,0.0,0.0,0.0,0.0,0.0,0.0,0.0,0.0,0.0,0.0,0.0,0.0,0.0
2021-10-03+4week,0.0,0.0,0.0,0.0,0.0,0.0,0.0,0.0,0.0,0.0,0.0,0.0,0.0,0.0,0.0,0.0,0.0,0.0,0.0,0.0,0.0
2021-10-04+1week,0.0,0.0,0.0,0.0,0.0,0.0,0.0,0.0,0.0,0.0,0.0,0.0,0.0,0.0,0.0,0.0,0.0,0.0,0.0,0.0,0.0
2021-10-04+2week,0.0,0.0,0.0,0.0,0.0,0.0,0.0,0.0,0.0,0.0,0.0,0.0,0.0,0.0,0.0,0.0,0.0,0.0,0.0,0.0,0.0
2021-10-04+4week,0.0,0.0,0.0,0.0,0.0,0.0,0.0,0.0,0.0,0.0,0.0,0.0,0.0,0.0,0.0,0.0,0.0,0.0,0.0,0.0,0.0
2021-10-05+1week,0.0,0.0,0.0,0.0,0.0,0.0,0.0,0.0,0.0,0.0,0.0,0.0,0.0,0.0,0.0,0.0,0.0,0.0,0.0,0.0,0.0
2021-10-05+2week,0.0,0.0,0.0,0.0,0.0,0.0,0.0,0.0,0.0,0.0,0.0,0.0,0.0,0.0,0.0,0.0,0.0,0.0,0.0,0.0,0.0
2021-10-05+4week,0.0,0.0,0.0,0.0,0.0,0.0,0.0,0.0,0.0,0.0,0.0,0.0,0.0,0.0,0.0,0.0,0.0,0.0,0.0,0.0,0.0
2021-10-06+1week,0.0,0.0,0.0,0.0,0.0,0.0,0.0,0.0,0.0,0.0,0.0,0.0,0.0,0.0,0.0,0.0,0.0,0.0,0.0,0.0,0.0
2021-10-06+2week,0.0,0.0,0.0,0.0,0.0,0.0,0.0,0.0,0.0,0.0,0.0,0.0,0.0,0.0,0.0,0.0,0.0,0.0,0.0,0.0,0.0
2021-10-06+4week,0.0,0.0,0.0,0.0,0.0,0.0,0.0,0.0,0.0,0.0,0.0,0.0,0.0,0.0,0.0,0.0,0.0,0.0,0.0,0.0,0.0
2021-10-07+1week,0.0,0.0,0.0,0.0,0.0,0.0,0.0,0.0,0.0,0.0,0.0,0.0,0.0,0.0,0.0,0.0,0.0,0.0,0.0,0.0,0.0
2021-10-07+2week,0.0,0.0,0.0,0.0,0.0,0.0,0.0,0.0,0.0,0.0,0.0,0.0,0.0,0.0,0.0,0.0,0.0,0.0,0.0,0.0,0.0
2021-10-07+4week,0.0,0.0,0.0,0.0,0.0,0.0,0.0,0.0,0.0,0.0,0.0,0.0,0.0,0.0,0.0,0.0,0.0,0.0,0.0,0.0,0.0
2021-10-08+1week,0.0,0.0,0.0,0.0,0.0,0.0,0.0,0.0,0.0,0.0,0.0,0.0,0.0,0.0,0.0,0.0,0.0,0.0,0.0,0.0,0.0
2021-10-08+2week,0.0,0.0,0.0,0.0,0.0,0.0,0.0,0.0,0.0,0.0,0.0,0.0,0.0,0.0,0.0,0.0,0.0,0.0,0.0,0.0,0.0
2021-10-08+4week,0.0,0.0,0.0,0.0,0.0,0.0,0.0,0.0,0.0,0.0,0.0,0.0,0.0,0.0,0.0,0.0,0.0,0.0,0.0,0.0,0.0
2021-10-09+1week,0.0,0.0,0.0,0.0,0.0,0.0,0.0,0.0,0.0,0.0,0.0,0.0,0.0,0.0,0.0,0.0,0.0,0.0,0.0,0.0,0.0
2021-10-09+2week,0.0,0.0,0.0,0.0,0.0,0.0,0.0,0.0,0.0,0.0,0.0,0.0,0.0,0.0,0.0,0.0,0.0,0.0,0.0,0.0,0.0
2021-10-09+4week,0.0,0.0,0.0,0.0,0.0,0.0,0.0,0.0,0.0,0.0,0.0,0.0,0.0,0.0,0.0,0.0,0.0,0.0,0.0,0.0,0.0
2021-10-10+1week,0.0,0.0,0.0,0.0,0.0,0.0,0.0,0.0,0.0,0.0,0.0,0.0,0.0,0.0,0.0,0.0,0.0,0.0,0.0,0.0,0.0
2021-10-10+2week,0.0,0.0,0.0,0.0,0.0,0.0,0.0,0.0,0.0,0.0,0.0,0.0,0.0,0.0,0.0,0.0,0.0,0.0,0.0,0.0,0.0
2021-10-10+4week,0.0,0.0,0.0,0.0,0.0,0.0,0.0,0.0,0.0,0.0,0.0,0.0,0.0,0.0,0.0,0.0,0.0,0.0,0.0,0.0,0.0
2021-10-11+1week,0.0,0.0,0.0,0.0,0.0,0.0,0.0,0.0,0.0,0.0,0.0,0.0,0.0,0.0,0.0,0.0,0.0,0.0,0.0,0.0,0.0
2021-10-11+2week,0.0,0.0,0.0,0.0,0.0,0.0,0.0,0.0,0.0,0.0,0.0,0.0,0.0,0.0,0.0,0.0,0.0,0.0,0.0,0.0,0.0
2021-10-11+4week,0.0,0.0,0.0,0.0,0.0,0.0,0.0,0.0,0.0,0.0,0.0,0.0,0.0,0.0,0.0,0.0,0.0,0.0,0.0,0.0,0.0
2021-10-12+1week,0.0,0.0,0.0,0.0,0.0,0.0,0.0,0.0,0.0,0.0,0.0,0.0,0.0,0.0,0.0,0.0,0.0,0.0,0.0,0.0,0.0
2021-10-12+2week,0.0,0.0,0.0,0.0,0.0,0.0,0.0,0.0,0.0,0.0,0.0,0.0,0.0,0.0,0.0,0.0,0.0,0.0,0.0,0.0,0.0
2021-10-12+4week,0.0,0.0,0.0,0.0,0.0,0.0,0.0,0.0,0.0,0.0,0.0,0.0,0.0,0.0,0.0,0.0,0.0,0.0,0.0,0.0,0.0
2021-10-13+1week,0.0,0.0,0.0,0.0,0.0,0.0,0.0,0.0,0.0,0.0,0.0,0.0,0.0,0.0,0.0,0.0,0.0,0.0,0.0,0.0,0.0
2021-10-13+2week,0.0,0.0,0.0,0.0,0.0,0.0,0.0,0.0,0.0,0.0,0.0,0.0,0.0,0.0,0.0,0.0,0.0,0.0,0.0,0.0,0.0
2021-10-13+4week,0.0,0.0,0.0,0.0,0.0,0.0,0.0,0.0,0.0,0.0,0.0,0.0,0.0,0.0,0.0,0.0,0.0,0.0,0.0,0.0,0.0
2021-10-14+1week,0.0,0.0,0.0,0.0,0.0,0.0,0.0,0.0,0.0,0.0,0.0,0.0,0.0,0.0,0.0,0.0,0.0,0.0,0.0,0.0,0.0
2021-10-14+2week,0.0,0.0,0.0,0.0,0.0,0.0,0.0,0.0,0.0,0.0,0.0,0.0,0.0,0.0,0.0,0.0,0.0,0.0,0.0,0.0,0.0
2021-10-14+4week,0.0,0.0,0.0,0.0,0.0,0.0,0.0,0.0,0.0,0.0,0.0,0.0,0.0,0.0,0.0,0.0,0.0,0.0,0.0,0.0,0.0
2021-10-15+1week,0.0,0.0,0.0,0.0,0.0,0.0,0.0,0.0,0.0,0.0,0.0,0.0,0.0,0.0,0.0,0.0,0.0,0.0,0.0,0.0,0.0
2021-10-15+2week,0.0,0.0,0.0,0.0,0.0,0.0,0.0,0.0,0.0,0.0,0.0,0.0,0.0,0.0,0.0,0.0,0.0,0.0,0.0,0.0,0.0
2021-10-15+4week,0.0,0.0,0.0,0.0,0.0,0.0,0.0,0.0,0.0,0.0,0.0,0.0,0.0,0.0,0.0,0.0,0.0,0.0,0.0,0.0,0.0
2021-10-16+1week,0.0,0.0,0.0,0.0,0.0,0.0,0.0,0.0,0.0,0.0,0.0,0.0,0.0,0.0,0.0,0.0,0.0,0.0,0.0,0.0,0.0
2021-10-16+2week,0.0,0.0,0.0,0.0,0.0,0.0,0.0,0.0,0.0,0.0,0.0,0.0,0.0,0.0,0.0,0.0,0.0,0.0,0.0,0.0,0.0
2021-10-16+4week,0.0,0.0,0.0,0.0,0.0,0.0,0.0,0.0,0.0,0.0,0.0,0.0,0.0,0.0,0.0,0.0,0.0,0.0,0.0,0.0,0.0
2021-10-17+1week,0.0,0.0,0.0,0.0,0.0,0.0,0.0,0.0,0.0,0.0,0.0,0.0,0.0,0.0,0.0,0.0,0.0,0.0,0.0,0.0,0.0
2021-10-17+2week,0.0,0.0,0.0,0.0,0.0,0.0,0.0,0.0,0.0,0.0,0.0,0.0,0.0,0.0,0.0,0.0,0.0,0.0,0.0,0.0,0.0
2021-10-17+4week,0.0,0.0,0.0,0.0,0.0,0.0,0.0,0.0,0.0,0.0,0.0,0.0,0.0,0.0,0.0,0.0,0.0,0.0,0.0,0.0,0.0
2021-10-18+1week,0.0,0.0,0.0,0.0,0.0,0.0,0.0,0.0,0.0,0.0,0.0,0.0,0.0,0.0,0.0,0.0,0.0,0.0,0.0,0.0,0.0
2021-10-18+2week,0.0,0.0,0.0,0.0,0.0,0.0,0.0,0.0,0.0,0.0,0.0,0.0,0.0,0.0,0.0,0.0,0.0,0.0,0.0,0.0,0.0
2021-10-18+4week,0.0,0.0,0.0,0.0,0.0,0.0,0.0,0.0,0.0,0.0,0.0,0.0,0.0,0.0,0.0,0.0,0.0,0.0,0.0,0.0,0.0
2021-10-19+1week,0.0,0.0,0.0,0.0,0.0,0.0,0.0,0.0,0.0,0.0,0.0,0.0,0.0,0.0,0.0,0.0,0.0,0.0,0.0,0.0,0.0
2021-10-19+2week,0.0,0.0,0.0,0.0,0.0,0.0,0.0,0.0,0.0,0.0,0.0,0.0,0.0,0.0,0.0,0.0,0.0,0.0,0.0,0.0,0.0
2021-10-19+4week,0.0,0.0,0.0,0.0,0.0,0.0,0.0,0.0,0.0,0.0,0.0,0.0,0.0,0.0,0.0,0.0,0.0,0.0,0.0,0.0,0.0
2021-10-20+1week,0.0,0.0,0.0,0.0,0.0,0.0,0.0,0.0,0.0,0.0,0.0,0.0,0.0,0.0,0.0,0.0,0.0,0.0,0.0,0.0,0.0
2021-10-20+2week,0.0,0.0,0.0,0.0,0.0,0.0,0.0,0.0,0.0,0.0,0.0,0.0,0.0,0.0,0.0,0.0,0.0,0.0,0.0,0.0,0.0
2021-10-20+4week,0.0,0.0,0.0,0.0,0.0,0.0,0.0,0.0,0.0,0.0,0.0,0.0,0.0,0.0,0.0,0.0,0.0,0.0,0.0,0.0,0.0
2021-10-21+1week,0.0,0.0,0.0,0.0,0.0,0.0,0.0,0.0,0.0,0.0,0.0,0.0,0.0,0.0,0.0,0.0,0.0,0.0,0.0,0.0,0.0
2021-10-21+2week,0.0,0.0,0.0,0.0,0.0,0.0,0.0,0.0,0.0,0.0,0.0,0.0,0.0,0.0,0.0,0.0,0.0,0.0,0.0,0.0,0.0
2021-10-21+4week,0.0,0.0,0.0,0.0,0.0,0.0,0.0,0.0,0.0,0.0,0.0,0.0,0.0,0.0,0.0,0.0,0.0,0.0,0.0,0.0,0.0
2021-10-22+1week,0.0,0.0,0.0,0.0,0.0,0.0,0.0,0.0,0.0,0.0,0.0,0.0,0.0,0.0,0.0,0.0,0.0,0.0,0.0,0.0,0.0
2021-10-22+2week,0.0,0.0,0.0,0.0,0.0,0.0,0.0,0.0,0.0,0.0,0.0,0.0,0.0,0.0,0.0,0.0,0.0,0.0,0.0,0.0,0.0
2021-10-22+4week,0.0,0.0,0.0,0.0,0.0,0.0,0.0,0.0,0.0,0.0,0.0,0.0,0.0,0.0,0.0,0.0,0.0,0.0,0.0,0.0,0.0
2021-10-23+1week,0.0,0.0,0.0,0.0,0.0,0.0,0.0,0.0,0.0,0.0,0.0,0.0,0.0,0.0,0.0,0.0,0.0,0.0,0.0,0.0,0.0
2021-10-23+2week,0.0,0.0,0.0,0.0,0.0,0.0,0.0,0.0,0.0,0.0,0.0,0.0,0.0,0.0,0.0,0.0,0.0,0.0,0.0,0.0,0.0
2021-10-23+4week,0.0,0.0,0.0,0.0,0.0,0.0,0.0,0.0,0.0,0.0,0.0,0.0,0.0,0.0,0.0,0.0,0.0,0.0,0.0,0.0,0.0
2021-10-24+1week,0.0,0.0,0.0,0.0,0.0,0.0,0.0,0.0,0.0,0.0,0.0,0.0,0.0,0.0,0.0,0.0,0.0,0.0,0.0,0.0,0.0
2021-10-24+2week,0.0,0.0,0.0,0.0,0.0,0.0,0.0,0.0,0.0,0.0,0.0,0.0,0.0,0.0,0.0,0.0,0.0,0.0,0.0,0.0,0.0
2021-10-24+4week,0.0,0.0,0.0,0.0,0.0,0.0,0.0,0.0,0.0,0.0,0.0,0.0,0.0,0.0,0.0,0.0,0.0,0.0,0.0,0.0,0.0
2021-10-25+1week,0.0,0.0,0.0,0.0,0.0,0.0,0.0,0.0,0.0,0.0,0.0,0.0,0.0,0.0,0.0,0.0,0.0,0.0,0.0,0.0,0.0
2021-10-25+2week,0.0,0.0,0.0,0.0,0.0,0.0,0.0,0.0,0.0,0.0,0.0,0.0,0.0,0.0,0.0,0.0,0.0,0.0,0.0,0.0,0.0
2021-10-25+4week,0.0,0.0,0.0,0.0,0.0,0.0,0.0,0.0,0.0,0.0,0.0,0.0,0.0,0.0,0.0,0.0,0.0,0.0,0.0,0.0,0.0
2021-10-26+1week,0.0,0.0,0.0,0.0,0.0,0.0,0.0,0.0,0.0,0.0,0.0,0.0,0.0,0.0,0.0,0.0,0.0,0.0,0.0,0.0,0.0
2021-10-26+2week,0.0,0.0,0.0,0.0,0.0,0.0,0.0,0.0,0.0,0.0,0.0,0.0,0.0,0.0,0.0,0.0,0.0,0.0,0.0,0.0,0.0
2021-10-26+4week,0.0,0.0,0.0,0.0,0.0,0.0,0.0,0.0,0.0,0.0,0.0,0.0,0.0,0.0,0.0,0.0,0.0,0.0,0.0,0.0,0.0
2021-10-27+1week,0.0,0.0,0.0,0.0,0.0,0.0,0.0,0.0,0.0,0.0,0.0,0.0,0.0,0.0,0.0,0.0,0.0,0.0,0.0,0.0,0.0
2021-10-27+2week,0.0,0.0,0.0,0.0,0.0,0.0,0.0,0.0,0.0,0.0,0.0,0.0,0.0,0.0,0.0,0.0,0.0,0.0,0.0,0.0,0.0
2021-10-27+4week,0.0,0.0,0.0,0.0,0.0,0.0,0.0,0.0,0.0,0.0,0.0,0.0,0.0,0.0,0.0,0.0,0.0,0.0,0.0,0.0,0.0
2021-10-28+1week,0.0,0.0,0.0,0.0,0.0,0.0,0.0,0.0,0.0,0.0,0.0,0.0,0.0,0.0,0.0,0.0,0.0,0.0,0.0,0.0,0.0
2021-10-28+2week,0.0,0.0,0.0,0.0,0.0,0.0,0.0,0.0,0.0,0.0,0.0,0.0,0.0,0.0,0.0,0.0,0.0,0.0,0.0,0.0,0.0
2021-10-28+4week,0.0,0.0,0.0,0.0,0.0,0.0,0.0,0.0,0.0,0.0,0.0,0.0,0.0,0.0,0.0,0.0,0.0,0.0,0.0,0.0,0.0
2021-10-29+1week,0.0,0.0,0.0,0.0,0.0,0.0,0.0,0.0,0.0,0.0,0.0,0.0,0.0,0.0,0.0,0.0,0.0,0.0,0.0,0.0,0.0
2021-10-29+2week,0.0,0.0,0.0,0.0,0.0,0.0,0.0,0.0,0.0,0.0,0.0,0.0,0.0,0.0,0.0,0.0,0.0,0.0,0.0,0.0,0.0
2021-10-29+4week,0.0,0.0,0.0,0.0,0.0,0.0,0.0,0.0,0.0,0.0,0.0,0.0,0.0,0.0,0.0,0.0,0.0,0.0,0.0,0.0,0.0
2021-10-30+1week,0.0,0.0,0.0,0.0,0.0,0.0,0.0,0.0,0.0,0.0,0.0,0.0,0.0,0.0,0.0,0.0,0.0,0.0,0.0,0.0,0.0
2021-10-30+2week,0.0,0.0,0.0,0.0,0.0,0.0,0.0,0.0,0.0,0.0,0.0,0.0,0.0,0.0,0.0,0.0,0.0,0.0,0.0,0.0,0.0
2021-10-30+4week,0.0,0.0,0.0,0.0,0.0,0.0,0.0,0.0,0.0,0.0,0.0,0.0,0.0,0.0,0.0,0.0,0.0,0.0,0.0,0.0,0.0
2021-10-31+1week,0.0,0.0,0.0,0.0,0.0,0.0,0.0,0.0,0.0,0.0,0.0,0.0,0.0,0.0,0.0,0.0,0.0,0.0,0.0,0.0,0.0
2021-10-31+2week,0.0,0.0,0.0,0.0,0.0,0.0,0.0,0.0,0.0,0.0,0.0,0.0,0.0,0.0,0.0,0.0,0.0,0.0,0.0,0.0,0.0
2021-10-31+4week,0.0,0.0,0.0,0.0,0.0,0.0,0.0,0.0,0.0,0.0,0.0,0.0,0.0,0.0,0.0,0.0,0.0,0.0,0.0,0.0,0.0
2021-11-01+1week,0.0,0.0,0.0,0.0,0.0,0.0,0.0,0.0,0.0,0.0,0.0,0.0,0.0,0.0,0.0,0.0,0.0,0.0,0.0,0.0,0.0
2021-11-01+2week,0.0,0.0,0.0,0.0,0.0,0.0,0.0,0.0,0.0,0.0,0.0,0.0,0.0,0.0,0.0,0.0,0.0,0.0,0.0,0.0,0.0
2021-11-01+4week,0.0,0.0,0.0,0.0,0.0,0.0,0.0,0.0,0.0,0.0,0.0,0.0,0.0,0.0,0.0,0.0,0.0,0.0,0.0,0.0,0.0
2021-11-02+1week,0.0,0.0,0.0,0.0,0.0,0.0,0.0,0.0,0.0,0.0,0.0,0.0,0.0,0.0,0.0,0.0,0.0,0.0,0.0,0.0,0.0
2021-11-02+2week,0.0,0.0,0.0,0.0,0.0,0.0,0.0,0.0,0.0,0.0,0.0,0.0,0.0,0.0,0.0,0.0,0.0,0.0,0.0,0.0,0.0
2021-11-02+4week,0.0,0.0,0.0,0.0,0.0,0.0,0.0,0.0,0.0,0.0,0.0,0.0,0.0,0.0,0.0,0.0,0.0,0.0,0.0,0.0,0.0
2021-11-03+1week,0.0,0.0,0.0,0.0,0.0,0.0,0.0,0.0,0.0,0.0,0.0,0.0,0.0,0.0,0.0,0.0,0.0,0.0,0.0,0.0,0.0
2021-11-03+2week,0.0,0.0,0.0,0.0,0.0,0.0,0.0,0.0,0.0,0.0,0.0,0.0,0.0,0.0,0.0,0.0,0.0,0.0,0.0,0.0,0.0
2021-11-03+4week,0.0,0.0,0.0,0.0,0.0,0.0,0.0,0.0,0.0,0.0,0.0,0.0,0.0,0.0,0.0,0.0,0.0,0.0,0.0,0.0,0.0
2021-11-04+1week,0.0,0.0,0.0,0.0,0.0,0.0,0.0,0.0,0.0,0.0,0.0,0.0,0.0,0.0,0.0,0.0,0.0,0.0,0.0,0.0,0.0
2021-11-04+2week,0.0,0.0,0.0,0.0,0.0,0.0,0.0,0.0,0.0,0.0,0.0,0.0,0.0,0.0,0.0,0.0,0.0,0.0,0.0,0.0,0.0
2021-11-04+4week,0.0,0.0,0.0,0.0,0.0,0.0,0.0,0.0,0.0,0.0,0.0,0.0,0.0,0.0,0.0,0.0,0.0,0.0,0.0,0.0,0.0
